{
  "check unsaved": false,
  "clip auto adjust": true,
  "clip end override": 50.0,
  "contours count": 30,
  "expand advanced panel": false,
  "expand help panel": false,
  "hide cursor on tweak": true,
  "hide header panel": true,
  "hide overlays": true,
  "hide panels no overlap": true,
  "last auto save path": "C:\\Users\\Jonathan\\RetopoFlow_backup.blend",
  "override shading": "dark",
  "polypen insert mode": "Tri/Quad",
  "relax mask boundary": "slide",
  "relax mask selected": "all",
  "relax radius": 93,
  "rf version": "3.4.6",
  "selection backface test": true,
  "selection occlusion test": true,
  "show main window": true,
  "starting tool": "Relax",
  "strokes radius": 80,
  "target hidden alpha": 0.2,
  "tweak preset 1 radius": 20,
  "tweak preset 1 strength": 0.99,
  "tweak preset 2 radius": 93,
  "tweak preset 2 strength": 0.99,
  "tweak radius": 54,
  "tweak strength": 0.99,
  "version update": false,
  "visible bbox factor": 0.001,
  "visible dist offset": 0.1,
  "warn non-manifold": false,
  "welcome": false
}